{
	"schemaVersion": 1,
	"id": "ender-chicken",
	"version": "${version}",
	"name": "Ender Chicken",
	"description": "This is an example description! Tell everyone what your mod is about!",
	"authors": [
		"Me!"
	],
	"contact": {
		"homepage": "https://fabricmc.net/",
		"sources": "https://github.com/FabricMC/fabric-example-mod"
	},
	"license": "CC0-1.0",
	"icon": "assets/ender-chicken/icon.png",
	"environment": "*",
	"entrypoints": {
		"client" : [
			"net.pterasaurs.EnderChickenClient"
		],
		"main": [
			"net.pterasaurs.EnderChicken"
		]
	},
	"mixins": [
		"ender-chicken.mixins.json"
	],
	"depends": {
		"fabricloader": ">=0.16.9",
		"minecraft": "~1.21",
		"java": ">=21",
		"fabric-api": "*"
	},
	"suggests": {
		"another-mod": "*"
	}
}